<?xml version="1.0" encoding="UTF-8"?>
<con:soapui-project id="6e8756ef-8a76-442f-9d6e-5b4aa86ac3d4" activeEnvironment="Default" name="Sudameris" soapui-version="5.5.0" abortOnError="false" runType="SEQUENTIAL" resourceRoot="${projectDir}" xmlns:con="http://eviware.com/soapui/config"><con:settings/><con:restMockService id="fde366fa-b396-4e86-b962-23dd17202be2" port="8080" path="/" host="debmedia-HP-240-G7-Notebook-PC" name="Sudameris"><con:settings/><con:properties/><con:restMockAction name="/authenticate" method="POST" resourcePath="/authenticate" id="17e45b87-1367-49d3-9ded-caf6fee64977"><con:settings/><con:defaultResponse>Response 1</con:defaultResponse><con:dispatchStyle>SEQUENCE</con:dispatchStyle><con:dispatchPath>/*
// Script dispatcher is used to select a response based on the incoming request.
// Here are few examples showing how to match based on path, query param, header and body

// Match based on path
def requestPath = mockRequest.getPath()
log.info "Path: "+ requestPath

if( requestPath.contains("json") )
{
    // return the name of the response you want to dispatch
    return "JSON Response"
}


// Match based on query parameter
def queryString = mockRequest.getRequest().getQueryString()
log.info "QueryString: " + queryString

if( queryString.contains("stockholm") )
{
    // return the name of the response you want to dispatch
    return "Response Stockholm"
}
else if( queryString.contains("london") )
{
    // return the name of the response you want to dispatch
    return "Response London"
}


// Match based on header
def acceptEncodingHeaderList = mockRequest.getRequestHeaders().get("Accept-Encoding")
log.info "AcceptEncoding Header List: " + acceptEncodingHeaderList

if( acceptEncodingHeaderList.contains("gzip,deflate") )
{
    // return the name of the response you want to dispatch
    return "GZiped Response"
}


// Match based on body
def requestBody = mockRequest.getRequestContent()
log.info "Request body: " + requestBody

if( requestBody.contains("some data") )
{
    // return the name of the response you want to dispatch
    return "Response N"
}
*/
</con:dispatchPath><con:response name="Response 1" id="112cd09c-5829-4884-b346-5746ecce2d17" httpResponseStatus="200" mediaType="application/json"><con:settings/><con:responseContent>{
    "Btinreq": {
        "Device": "10.103.103.31",
        "Usuario": "RUIZMAU",
        "Requerimiento": "1",
        "Canal": "BTINTERNO",
        "Token": ""
    },
    "SessionToken": "0ad875868d088C9B822DF6FA",
    "Erroresnegocio": {
        "BTErrorNegocio": []
    },
    "Btoutreq": {
        "Numero": "3206",
        "Servicio": "Authenticate.Execute",
        "Estado": "OK",
        "Fecha": "2020-09-17",
        "Requerimiento": "1",
        "Canal": "BTINTERNO",
        "Hora": "01:13:28"
    }
}</con:responseContent></con:response></con:restMockAction><con:restMockAction name="/segmentoPersona" method="POST" resourcePath="/segmentoPersona" id="3a31f862-b6f0-41b0-afd4-2606ea7b10ae"><con:settings/><con:defaultResponse>OK</con:defaultResponse><con:dispatchStyle>SCRIPT</con:dispatchStyle><con:dispatchPath>/*
// Script dispatcher is used to select a response based on the incoming request.
// Here are few examples showing how to match based on path, query param, header and body

// Match based on path
def requestPath = mockRequest.getPath()
log.info "Path: "+ requestPath

if( requestPath.contains("json") )
{
    // return the name of the response you want to dispatch
    return "JSON Response"
}


// Match based on query parameter
def queryString = mockRequest.getRequest().getQueryString()
log.info "QueryString: " + queryString

if( queryString.contains("stockholm") )
{
    // return the name of the response you want to dispatch
    return "Response Stockholm"
}
else if( queryString.contains("london") )
{
    // return the name of the response you want to dispatch
    return "Response London"
}


// Match based on header
def acceptEncodingHeaderList = mockRequest.getRequestHeaders().get("Accept-Encoding")
log.info "AcceptEncoding Header List: " + acceptEncodingHeaderList

if( acceptEncodingHeaderList.contains("gzip,deflate") )
{
    // return the name of the response you want to dispatch
    return "GZiped Response"
}


// Match based on body
def requestBody = mockRequest.getRequestContent()
log.info "Request body: " + requestBody

if( requestBody.contains("some data") )
{
    // return the name of the response you want to dispatch
    return "Response N"
}
*/
</con:dispatchPath><con:response name="OK" id="81e30166-41ca-48d2-8214-455e7e2bc18f" httpResponseStatus="200" mediaType="application/json"><con:settings/><con:responseContent>{
    "Btinreq": {
        "Device": "10.103.103.31",
        "Usuario": "RUIZMAU",
        "Requerimiento": "1",
        "Canal": "BTINTERNO",
        "Token": "dd103af0ac088C9B822DF6FA"
    },
    "Mens": "",
    "Result": {
        "Consultas": {
            "RepCons.Consulta": [{
                "Correlativo": "5",
                "Top": "1",
                "Columnas": {
                    "RepCols.Columna": [{
                            "Numero": "5",
                            "Tipo": "T",
                            "Filas": {
                                "RepFilas.Fila": [{
                                    "Numero": "1",
                                    "Valor": "Test"
                                }]
                            },
                            "Descripcion": "APENOM"
                        },
                        {
                            "Numero": "10",
                            "Tipo": "E",
                            "Filas": {
                                "RepFilas.Fila": [{
                                    "Numero": "1",
                                    "Valor": "10"
                                }]
                            },
                            "Descripcion": "SEGM"
                        },
                        {
                            "Numero": "15",
                            "Tipo": "T",
                            "Filas": {
                                "RepFilas.Fila": [{
                                    "Numero": "1",
                                    "Valor": "Persona"
                                }]
                            },
                            "Descripcion": "NOMSEGM"
                        }
                    ]
                },
                "Nombre": "DATOS_PERS"
            }]
        },
        "Usuario": "RUIZMAU",
        "Codigo": "90101",
        "Nombre": "WS PERSONAS TOTEM",
        "Parametros": {
            "RepParm.Parametro": [{
                "Tipo": "Texto",
                "Codigo": "1",
                "Nombre": "DOC",
                "Valor": "5978597"
            }]
        }
    },
    "Erroresnegocio": {
        "BTErrorNegocio": []
    },
    "Btoutreq": {
        "Numero": "3222",
        "Estado": "OK",
        "Servicio": "ConsultaReportesSQL.SegmentoPersona",
        "Fecha": "2020-09-17",
        "Requerimiento": "1",
        "Hora": "02:04:15",
        "Canal": "BTINTERNO"
    }
}</con:responseContent></con:response><con:response name="Error token" id="7fa85b1e-f2b9-498b-9a5d-d01535c736d2" httpResponseStatus="200" mediaType="application/json"><con:settings/><con:responseContent>{
    "Btinreq": {
        "Device": "10.103.103.31",
        "Usuario": "DBMEDIAUSR",
        "Requerimiento": "1",
        "Canal": "BTINTERNO",
        "Token": "b6eed600e1F3F9F36A099561"
    },
    "Mens": "",
    "Result": {
        "Consultas": {
            "RepCons.Consulta": []
        },
        "Usuario": "",
        "Codigo": "",
        "Nombre": "",
        "Parametros": {
            "RepParm.Parametro": []
        }
    },
    "Erroresnegocio": {
        "BTErrorNegocio": [
            {
                "Descripcion": "Servicio no declarado en el canal",
                "Severidad": "E",
                "Codigo": "10011"
            }
        ]
    },
    "Btoutreq": {
        "Numero": "0",
        "Estado": "BTS_CONF_ERROR",
        "Servicio": "ConsultaReportesSQL.ChequeraPendRetiro",
        "Fecha": "2021-03-29",
        "Requerimiento": "1",
        "Hora": "09:36:20",
        "Canal": "BTINTERNO"
    }
}</con:responseContent></con:response><con:response name="Error distinto" id="cb667781-f59f-4fed-80f0-90693e3e7e1e" httpResponseStatus="200" mediaType="application/json"><con:settings/><con:responseContent>{
    "Btinreq": {
        "Device": "10.103.103.31",
        "Usuario": "DBMEDIAUSR",
        "Requerimiento": "1",
        "Canal": "BTINTERNO",
        "Token": "b6eed600e1F3F9F36A099561"
    },
    "Mens": "",
    "Result": {
        "Consultas": {
            "RepCons.Consulta": []
        },
        "Usuario": "",
        "Codigo": "",
        "Nombre": "",
        "Parametros": {
            "RepParm.Parametro": []
        }
    },
    "Erroresnegocio": {
        "BTErrorNegocio": [
            {
                "Descripcion": "Servicio no declarado en el canal",
                "Severidad": "E",
                "Codigo": "10024"
            }
        ]
    },
    "Btoutreq": {
        "Numero": "0",
        "Estado": "BTS_CONF_ERROR",
        "Servicio": "ConsultaReportesSQL.ChequeraPendRetiro",
        "Fecha": "2021-03-29",
        "Requerimiento": "1",
        "Hora": "09:36:20",
        "Canal": "BTINTERNO"
    }
}</con:responseContent></con:response></con:restMockAction><con:restMockAction name="/chequera" method="POST" resourcePath="/chequera" id="ee801e22-9f33-49b5-997f-d08b1ded45bc"><con:settings/><con:defaultResponse>Response 1</con:defaultResponse><con:dispatchStyle>SEQUENCE</con:dispatchStyle><con:dispatchPath>/*
// Script dispatcher is used to select a response based on the incoming request.
// Here are few examples showing how to match based on path, query param, header and body

// Match based on path
def requestPath = mockRequest.getPath()
log.info "Path: "+ requestPath

if( requestPath.contains("json") )
{
    // return the name of the response you want to dispatch
    return "JSON Response"
}


// Match based on query parameter
def queryString = mockRequest.getRequest().getQueryString()
log.info "QueryString: " + queryString

if( queryString.contains("stockholm") )
{
    // return the name of the response you want to dispatch
    return "Response Stockholm"
}
else if( queryString.contains("london") )
{
    // return the name of the response you want to dispatch
    return "Response London"
}


// Match based on header
def acceptEncodingHeaderList = mockRequest.getRequestHeaders().get("Accept-Encoding")
log.info "AcceptEncoding Header List: " + acceptEncodingHeaderList

if( acceptEncodingHeaderList.contains("gzip,deflate") )
{
    // return the name of the response you want to dispatch
    return "GZiped Response"
}


// Match based on body
def requestBody = mockRequest.getRequestContent()
log.info "Request body: " + requestBody

if( requestBody.contains("some data") )
{
    // return the name of the response you want to dispatch
    return "Response N"
}
*/
</con:dispatchPath><con:response name="Response 1" id="1a078882-2175-4004-9074-1cb958f59b19" httpResponseStatus="200" mediaType="application/json"><con:settings/><con:responseContent>{
    "Btinreq": {
        "Device": "10.103.103.31",
        "Usuario": "RUIZMAU",
        "Requerimiento": "1",
        "Canal": "BTINTERNO",
        "Token": "91f3624046088C9B822DF6FA"
    },
    "Mens": "",
    "Result": {
        "Consultas": {
            "RepCons.Consulta": [{
                "Correlativo": "15",
                "Top": "2",
                "Nombre": "CHEQUERA_PEND_RETIRO",
                "Columnas": {
                    "RepCols.Columna": [
                        {
                            "Numero": "5",
                            "Tipo": "E",
                            "Descripcion": "SCCTA",
                            "Filas": {
                                "RepFilas.Fila": [{
                                        "Numero": "1",
                                        "Valor": "1719129"
                                    },
                                    {
                                        "Numero": "2",
                                        "Valor": "1719129"
                                    }
                                ]
                            }
                        },
                        {
                            "Numero": "10",
                            "Tipo": "I",
                            "Descripcion": "SCSDO",
                            "Filas": {
                                "RepFilas.Fila": [{
                                        "Numero": "1",
                                        "Valor": "1.00"
                                    },
                                    {
                                        "Numero": "2",
                                        "Valor": "1.00"
                                    }
                                ]
                            }
                        },
                        {
                            "Numero": "15",
                            "Tipo": "D",
                            "Descripcion": "SCFVAL",
                            "Filas": {
                                "RepFilas.Fila": [{
                                        "Numero": "1",
                                        "Valor": "20190710"
                                    },
                                    {
                                        "Numero": "2",
                                        "Valor": "20190710"
                                    }
                                ]
                            }
                        }
                    ]
                }
            }]
        },
        "Usuario": "RUIZMAU",
        "Codigo": "90101",
        "Nombre": "WS PERSONAS TOTEM",
        "Parametros": {
            "RepParm.Parametro": [{
                "Tipo": "Texto",
                "Codigo": "1",
                "Nombre": "DOC",
                "Valor": "1537096"
            }]
        }
    },
    "Erroresnegocio": {
        "BTErrorNegocio": []
    },
    "Btoutreq": {
        "Numero": "3193",
        "Estado": "OK",
        "Servicio": "ConsultaReportesSQL.ChequeraPendRetiro",
        "Requerimiento": "1",
        "Fecha": "2020-09-16",
        "Canal": "BTINTERNO",
        "Hora": "15:59:26"
    }
}</con:responseContent></con:response></con:restMockAction><con:restMockAction name="/tarjeta" method="POST" resourcePath="/tarjeta" id="69e31751-2b01-4e1b-9cdd-c31790880e03"><con:settings/><con:defaultResponse>Response 1</con:defaultResponse><con:dispatchStyle>SEQUENCE</con:dispatchStyle><con:dispatchPath>/*
// Script dispatcher is used to select a response based on the incoming request.
// Here are few examples showing how to match based on path, query param, header and body

// Match based on path
def requestPath = mockRequest.getPath()
log.info "Path: "+ requestPath

if( requestPath.contains("json") )
{
    // return the name of the response you want to dispatch
    return "JSON Response"
}


// Match based on query parameter
def queryString = mockRequest.getRequest().getQueryString()
log.info "QueryString: " + queryString

if( queryString.contains("stockholm") )
{
    // return the name of the response you want to dispatch
    return "Response Stockholm"
}
else if( queryString.contains("london") )
{
    // return the name of the response you want to dispatch
    return "Response London"
}


// Match based on header
def acceptEncodingHeaderList = mockRequest.getRequestHeaders().get("Accept-Encoding")
log.info "AcceptEncoding Header List: " + acceptEncodingHeaderList

if( acceptEncodingHeaderList.contains("gzip,deflate") )
{
    // return the name of the response you want to dispatch
    return "GZiped Response"
}


// Match based on body
def requestBody = mockRequest.getRequestContent()
log.info "Request body: " + requestBody

if( requestBody.contains("some data") )
{
    // return the name of the response you want to dispatch
    return "Response N"
}
*/
</con:dispatchPath><con:response name="Response 1" id="dd0311be-5d5f-44ed-86f8-8f5fbd24da74" httpResponseStatus="200" mediaType="application/json"><con:settings/><con:responseContent>{
    "Btinreq": {
        "Device": "10.103.103.31",
        "Usuario": "RUIZMAU",
        "Requerimiento": "1",
        "Canal": "BTINTERNO",
        "Token": "dd103af0ac088C9B822DF6FA"
    },
    "Mens": "",
    "Result": {
        "Consultas": {
            "RepCons.Consulta": [{
                "Correlativo": "10",
                "Top": "13",
                "Columnas": {
                    "RepCols.Columna": [{
                            "Numero": "5",
                            "Tipo": "T",
                            "Filas": {
                                "RepFilas.Fila": [{
                                        "Numero": "1",
                                        "Valor": "1"
                                    },
                                    {
                                        "Numero": "2",
                                        "Valor": "2"
                                    },
                                    {
                                        "Numero": "3",
                                        "Valor": "4"
                                    },
                                    {
                                        "Numero": "4",
                                        "Valor": "4"
                                    },
                                    {
                                        "Numero": "5",
                                        "Valor": "4"
                                    },
                                    {
                                        "Numero": "6",
                                        "Valor": "4"
                                    },
                                    {
                                        "Numero": "7",
                                        "Valor": "4"
                                    },
                                    {
                                        "Numero": "8",
                                        "Valor": "4"
                                    },
                                    {
                                        "Numero": "9",
                                        "Valor": "4"
                                    },
                                    {
                                        "Numero": "10",
                                        "Valor": "4"
                                    },
                                    {
                                        "Numero": "11",
                                        "Valor": "4"
                                    },
                                    {
                                        "Numero": "12",
                                        "Valor": "4"
                                    },
                                    {
                                        "Numero": "13",
                                        "Valor": "4"
                                    }
                                ]
                            },
                            "Descripcion": "PRODUCTO"
                        },
                        {
                            "Numero": "10",
                            "Tipo": "T",
                            "Filas": {
                                "RepFilas.Fila": [{
                                        "Numero": "1",
                                        "Valor": "PIN A- TARJETA DE DEBITO"
                                    },
                                    {
                                        "Numero": "2",
                                        "Valor": "PIN B- TARJETA DE DEBITO"
                                    },
                                    {
                                        "Numero": "3",
                                        "Valor": "PIN C- TARJETA DE DEBITO"
                                    },
                                    {
                                        "Numero": "4",
                                        "Valor": "PIN D- TARJETA DE DEBITO"
                                    },
                                    {
                                        "Numero": "5",
                                        "Valor": "PIN - TARJETA DE DEBITO"
                                    },
                                    {
                                        "Numero": "6",
                                        "Valor": "PIN - TARJETA DE DEBITO"
                                    },
                                    {
                                        "Numero": "7",
                                        "Valor": "PIN - TARJETA DE DEBITO"
                                    },
                                    {
                                        "Numero": "8",
                                        "Valor": "PIN - TARJETA DE DEBITO"
                                    },
                                    {
                                        "Numero": "9",
                                        "Valor": "PIN - TARJETA DE DEBITO"
                                    },
                                    {
                                        "Numero": "10",
                                        "Valor": "PIN - TARJETA DE DEBITO"
                                    },
                                    {
                                        "Numero": "11",
                                        "Valor": "PIN - TARJETA DE DEBITO"
                                    },
                                    {
                                        "Numero": "12",
                                        "Valor": "PIN - TARJETA DE DEBITO"
                                    },
                                    {
                                        "Numero": "13",
                                        "Valor": "PIN - TARJETA DE DEBITO"
                                    }
                                ]
                            },
                            "Descripcion": "DESCRIPCION"
                        },
                        {
                            "Numero": "15",
                            "Tipo": "T",
                            "Filas": {
                                "RepFilas.Fila": [{
                                        "Numero": "1",
                                        "Valor": "10"
                                    },
                                    {
                                        "Numero": "2",
                                        "Valor": "10"
                                    },
                                    {
                                        "Numero": "3",
                                        "Valor": "10"
                                    },
                                    {
                                        "Numero": "4",
                                        "Valor": "10"
                                    },
                                    {
                                        "Numero": "5",
                                        "Valor": "10"
                                    },
                                    {
                                        "Numero": "6",
                                        "Valor": "10"
                                    },
                                    {
                                        "Numero": "7",
                                        "Valor": "10"
                                    },
                                    {
                                        "Numero": "8",
                                        "Valor": "10"
                                    },
                                    {
                                        "Numero": "9",
                                        "Valor": "10"
                                    },
                                    {
                                        "Numero": "10",
                                        "Valor": "10"
                                    },
                                    {
                                        "Numero": "11",
                                        "Valor": "10"
                                    },
                                    {
                                        "Numero": "12",
                                        "Valor": "10"
                                    },
                                    {
                                        "Numero": "13",
                                        "Valor": "10"
                                    }
                                ]
                            },
                            "Descripcion": "SUCURSAL"
                        },
                        {
                            "Numero": "20",
                            "Tipo": "T",
                            "Filas": {
                                "RepFilas.Fila": [{
                                        "Numero": "1",
                                        "Valor": "XXXXXX"
                                    },
                                    {
                                        "Numero": "2",
                                        "Valor": "XXXXXX"
                                    },
                                    {
                                        "Numero": "3",
                                        "Valor": "XXXXXX"
                                    },
                                    {
                                        "Numero": "4",
                                        "Valor": "XXXXXX"
                                    },
                                    {
                                        "Numero": "5",
                                        "Valor": "XXXXXX"
                                    },
                                    {
                                        "Numero": "6",
                                        "Valor": "XXXXXX"
                                    },
                                    {
                                        "Numero": "7",
                                        "Valor": "XXXXXX"
                                    },
                                    {
                                        "Numero": "8",
                                        "Valor": "XXXXXX"
                                    },
                                    {
                                        "Numero": "9",
                                        "Valor": "XXXXXX"
                                    },
                                    {
                                        "Numero": "10",
                                        "Valor": "XXXXXX"
                                    },
                                    {
                                        "Numero": "11",
                                        "Valor": "XXXXXX"
                                    },
                                    {
                                        "Numero": "12",
                                        "Valor": "XXXXXX"
                                    },
                                    {
                                        "Numero": "13",
                                        "Valor": "XXXXXX"
                                    }
                                ]
                            },
                            "Descripcion": "NROTARJETA"
                        },
                        {
                            "Numero": "25",
                            "Tipo": "T",
                            "Filas": {
                                "RepFilas.Fila": [{
                                        "Numero": "1",
                                        "Valor": "25602976"
                                    },
                                    {
                                        "Numero": "2",
                                        "Valor": "25602976"
                                    },
                                    {
                                        "Numero": "3",
                                        "Valor": "25602976"
                                    },
                                    {
                                        "Numero": "4",
                                        "Valor": "25602976"
                                    },
                                    {
                                        "Numero": "5",
                                        "Valor": "25602976"
                                    },
                                    {
                                        "Numero": "6",
                                        "Valor": "25602976"
                                    },
                                    {
                                        "Numero": "7",
                                        "Valor": "25602976"
                                    },
                                    {
                                        "Numero": "8",
                                        "Valor": "25602976"
                                    },
                                    {
                                        "Numero": "9",
                                        "Valor": "25602976"
                                    },
                                    {
                                        "Numero": "10",
                                        "Valor": "25602976"
                                    },
                                    {
                                        "Numero": "11",
                                        "Valor": "25602976"
                                    },
                                    {
                                        "Numero": "12",
                                        "Valor": "25602976"
                                    },
                                    {
                                        "Numero": "13",
                                        "Valor": "25602976"
                                    }
                                ]
                            },
                            "Descripcion": "OPERACION"
                        },
                        {
                            "Numero": "30",
                            "Tipo": "T",
                            "Filas": {
                                "RepFilas.Fila": [{
                                        "Numero": "1",
                                        "Valor": "20111115"
                                    },
                                    {
                                        "Numero": "2",
                                        "Valor": "20111115"
                                    },
                                    {
                                        "Numero": "3",
                                        "Valor": "20111115"
                                    },
                                    {
                                        "Numero": "4",
                                        "Valor": "20111115"
                                    },
                                    {
                                        "Numero": "5",
                                        "Valor": "20111115"
                                    },
                                    {
                                        "Numero": "6",
                                        "Valor": "20111115"
                                    },
                                    {
                                        "Numero": "7",
                                        "Valor": "20111115"
                                    },
                                    {
                                        "Numero": "8",
                                        "Valor": "20111115"
                                    },
                                    {
                                        "Numero": "9",
                                        "Valor": "20111115"
                                    },
                                    {
                                        "Numero": "10",
                                        "Valor": "20111115"
                                    },
                                    {
                                        "Numero": "11",
                                        "Valor": "20111115"
                                    },
                                    {
                                        "Numero": "12",
                                        "Valor": "20111115"
                                    },
                                    {
                                        "Numero": "13",
                                        "Valor": "20111115"
                                    }
                                ]
                            },
                            "Descripcion": "DESDEFECHA"
                        },
                        {
                            "Numero": "35",
                            "Tipo": "T",
                            "Filas": {
                                "RepFilas.Fila": [{
                                        "Numero": "1",
                                        "Valor": "AUTORIZAR Inclusion/Exclusion del Invent. Inicial"
                                    },
                                    {
                                        "Numero": "2",
                                        "Valor": "AUTORIZAR Inclusion/Exclusion del Invent. Inicial"
                                    },
                                    {
                                        "Numero": "3",
                                        "Valor": "AUTORIZAR Inclusion/Exclusion del Invent. Inicial"
                                    },
                                    {
                                        "Numero": "4",
                                        "Valor": "AUTORIZAR Inclusion/Exclusion del Invent. Inicial"
                                    },
                                    {
                                        "Numero": "5",
                                        "Valor": "AUTORIZAR Inclusion/Exclusion del Invent. Inicial"
                                    },
                                    {
                                        "Numero": "6",
                                        "Valor": "AUTORIZAR Inclusion/Exclusion del Invent. Inicial"
                                    },
                                    {
                                        "Numero": "7",
                                        "Valor": "AUTORIZAR Inclusion/Exclusion del Invent. Inicial"
                                    },
                                    {
                                        "Numero": "8",
                                        "Valor": "AUTORIZAR Inclusion/Exclusion del Invent. Inicial"
                                    },
                                    {
                                        "Numero": "9",
                                        "Valor": "AUTORIZAR Inclusion/Exclusion del Invent. Inicial"
                                    },
                                    {
                                        "Numero": "10",
                                        "Valor": "AUTORIZAR Inclusion/Exclusion del Invent. Inicial"
                                    },
                                    {
                                        "Numero": "11",
                                        "Valor": "AUTORIZAR Inclusion/Exclusion del Invent. Inicial"
                                    },
                                    {
                                        "Numero": "12",
                                        "Valor": "AUTORIZAR Inclusion/Exclusion del Invent. Inicial"
                                    },
                                    {
                                        "Numero": "13",
                                        "Valor": "AUTORIZAR Inclusion/Exclusion del Invent. Inicial"
                                    }
                                ]
                            },
                            "Descripcion": "INSTANCIA"
                        },
                        {
                            "Numero": "40",
                            "Tipo": "T",
                            "Filas": {
                                "RepFilas.Fila": [{
                                        "Numero": "1",
                                        "Valor": "20120123"
                                    },
                                    {
                                        "Numero": "2",
                                        "Valor": "20120123"
                                    },
                                    {
                                        "Numero": "3",
                                        "Valor": "20120123"
                                    },
                                    {
                                        "Numero": "4",
                                        "Valor": "20120123"
                                    },
                                    {
                                        "Numero": "5",
                                        "Valor": "20120123"
                                    },
                                    {
                                        "Numero": "6",
                                        "Valor": "20120123"
                                    },
                                    {
                                        "Numero": "7",
                                        "Valor": "20120123"
                                    },
                                    {
                                        "Numero": "8",
                                        "Valor": "20120123"
                                    },
                                    {
                                        "Numero": "9",
                                        "Valor": "20120123"
                                    },
                                    {
                                        "Numero": "10",
                                        "Valor": "20120123"
                                    },
                                    {
                                        "Numero": "11",
                                        "Valor": "20120123"
                                    },
                                    {
                                        "Numero": "12",
                                        "Valor": "20120123"
                                    },
                                    {
                                        "Numero": "13",
                                        "Valor": "20120123"
                                    }
                                ]
                            },
                            "Descripcion": "FECHAINSTANCIA"
                        }
                    ]
                },
                "Nombre": "TARJ_PEND_ENTREGA"
            }]
        },
        "Usuario": "RUIZMAU",
        "Codigo": "90101",
        "Nombre": "WS PERSONAS TOTEM",
        "Parametros": {
            "RepParm.Parametro": [{
                "Tipo": "Entero",
                "Codigo": "2",
                "Nombre": "CTA",
                "Valor": "1711910"
            }]
        }
    },
    "Erroresnegocio": {
        "BTErrorNegocio": []
    },
    "Btoutreq": {
        "Numero": "3230",
        "Estado": "OK",
        "Servicio": "ConsultaReportesSQL.TarjPendEntrega",
        "Fecha": "2020-09-17",
        "Requerimiento": "1",
        "Hora": "02:36:52",
        "Canal": "BTINTERNO"
    }
}</con:responseContent></con:response></con:restMockAction></con:restMockService><con:properties/><con:wssContainer/><con:oAuth2ProfileContainer/><con:oAuth1ProfileContainer/><con:sensitiveInformation/></con:soapui-project>